0,0,1000
0.04,0.209017575309944,1016.65267891127
0.08,0.421210523326826,1033.31850920461
0.12,0.637320878541781,1049.71486750078
0.16,0.85712743464517,1065.66863817756
0.2,1.08050745562025,1081.06128410823
0.24,1.30851331427276,1095.68945795788
0.28,1.54116851783616,1109.56349537781
0.32,1.77813757396977,1122.74656336472
0.36,2.01910380988132,1135.2956209773
0.4,2.26345537131578,1147.33508310203
0.44,2.50982038450219,1159.10794448168
0.48,2.75792486307122,1170.56341871156
0.52,3.00756027838996,1181.66637098062
0.56,3.2585082708496,1192.40554519035
0.6,3.51010849106231,1203.10667641955
0.64,3.76176208931257,1215.67007748623
0.68,4.01441227680344,1229.93635038015
0.72,4.26872551281333,1245.2959337955
0.76,4.52510200955156,1261.31929313683
0.8,4.78368741344259,1277.72239100153
0.84,5.04364522100009,1294.49896243466
0.88,5.30479156135582,1311.49193383195
0.92,5.56716777721532,1328.53518259155
0.96,5.83074097430319,1345.51777231718
1,6.09543014909426,1362.36690674006
1.04,6.36122444016457,1379.58306828652
1.08,6.62797355390125,1397.77132762413
1.12,6.89560630420929,1416.8834703932
1.16,7.16453293419709,1436.57319280083
1.2,7.43499633061104,1456.6167255559
1.24,7.7071292059314,1476.87130809571
1.28,7.98099436154256,1497.24603469825
1.32,8.25661036555439,1517.68315328591
1.36,8.53395923479986,1538.15223372205
1.4,8.81245294584521,1559.02622117309
1.44,9.09187414826757,1580.41663795234
1.48,9.3724779340616,1602.11406940436
1.52,9.65448187017708,1624.29087248664
1.56,9.93817772294392,1646.88530516803
1.6,10.2237115167264,1669.64518918779
1.64,10.5111011397718,1692.41283276644
1.68,10.8002871060044,1715.09032389641
1.72,11.0911644344756,1737.61743002622
1.76,11.3835999384531,1759.9595360872
1.8,11.6770281145289,1782.40745854397
1.84,11.9711489338239,1805.06089470272
1.88,12.2646726297879,1778.12658489858
1.92,12.5460583080354,1767.77797761705
1.96,12.8212429162723,1767.49440013397
2,13.0937207585344,1773.32535298805
2.04,13.3654689083078,1782.18396690198
2.08,13.6373180179148,1792.31746370986
2.12,13.9095039846633,1803.44296906622
2.16,14.1821114786874,1815.44954880513
2.2,14.4554457410216,1828.00007888855
2.24,14.7296948037812,1840.8917318483
2.28,15.0049737057072,1854.00498173296
2.32,15.2813543820008,1867.26941303385
2.36,15.5588832676581,1880.6435786134
2.4,15.8375916808973,1894.10312132484
2.44,16.1175019530797,1907.63376541933
2.48,16.3986310491949,1921.2271805491
2.52,16.6809927067773,1934.87854105107
2.56,16.9645986998219,1948.58508586395
2.6,17.2494595858828,1962.34526904544
2.64,17.5355851479262,1976.15825882434
2.68,17.8229846559107,1990.02364228991
2.72,18.1116668231849,2003.93760982193
2.76,18.4016248464787,2017.8290193418
2.8,18.6927141983564,2031.8125945683
2.84,18.9846341863119,2046.2162968327
2.88,19.2775162415465,2060.86576348773
2.92,19.5714415279168,2075.64352998423
2.96,19.8664461299002,2090.48396628241
3,20.1625410638588,2105.35044412487
3.04,20.4596621439672,2119.8652616827
3.08,20.7575611286593,2133.91077469656
3.12,21.0560698146779,2147.72647456381
3.16,21.3551111223956,2161.44465259095
3.2,21.6546579218018,2175.1386609938
3.24,21.9547103835413,2188.84943701696
3.28,22.2552835320006,2202.60007664345
3.32,22.5564004076171,2216.40384483822
3.36,22.8580883118762,2230.26858121019
3.4,23.1603767467927,2244.1991252177
3.44,23.463296286246,2258.19865249317
3.48,23.7668779600435,2272.26941198468
3.52,24.071152920216,2286.41313308153
3.56,24.3761522626816,2300.63125080192
3.6,24.6819069343981,2314.92503057946
3.64,24.9882989494174,2329.47999215759
3.68,25.2952360598922,2344.46277063343
3.72,25.6028909262334,2359.71552522901
3.76,25.91137459478,2375.15104607866
3.8,26.2207620528198,2390.7235448671
3.84,26.5311057441813,2406.37447152519
3.88,26.842375323479,2421.86913742544
3.92,27.1544810951342,2437.24444562539
3.96,27.4673729190398,2452.56473964505
4,27.7810260664079,2467.86375667396
4.04,28.0952327948086,2482.07611044112
4.08,28.4092203186991,2494.84871510539
4.12,28.722464222545,2506.86427538358
4.16,29.034711496506,2518.47785941111
4.2,29.3458493714029,2529.87457873026
4.24,29.6558372690171,2541.15141344664
4.28,29.9646715966921,2552.35960247285
4.32,30.2723675488172,2563.52660501884
4.36,30.5789497000132,2574.66748890602
4.4,30.8844471432301,2585.79084431581
4.44,31.1888909792581,2596.90185983554
4.48,31.4923130241705,2608.00392549893
4.52,31.7947451483293,2619.09946999066
4.56,32.0962118889969,2630.2004728687
4.6,32.3965375265032,2641.6190301686
4.64,32.6957731047636,2653.37046818023
4.68,32.9939272362497,2665.46065815044
4.72,33.2905810975472,2678.34281834526
4.76,33.5860627624143,2691.64709819099
4.8,33.8806317827742,2705.11150920666
4.84,34.1745162538851,2718.55324216868
4.88,34.4677619916695,2731.96766413028
4.92,34.760392555186,2745.36755717024
4.96,35.0524589660297,2759.01714905291
5,35.3441300346869,2772.86741205384
5.04,35.6354510275745,2786.49077386856
5.08,35.9261378007479,2799.92399709713
5.12,36.2158449963264,2813.71555944651
5.16,36.5047516273992,2827.66860346384
5.2,36.7929728457462,2841.67363687056
5.24,37.08069613238,2855.66060500831
5.28,37.3683031696564,2869.57450660284
5.32,37.6558017656041,2883.4581841739
5.36,37.9432036856978,2897.33186023516
5.4,38.230462547819,2911.52011696665
5.44,38.5176780378177,2926.72579810568
5.48,38.8052756092461,2942.34840830042
5.52,39.093428222482,2958.12810940382
5.56,39.3822060939082,2973.98250559983
5.6,39.6716468957281,2989.88525417433
5.64,39.9617974123721,3005.73645777755
5.68,40.2526455757244,3021.57042907213
5.72,40.5441918245708,3037.42455745817
5.76,40.8364504717089,3053.31272825002
5.8,41.1294405967747,3069.24078662902
5.84,41.4230701555755,3085.380318393
5.88,41.7168440963749,3102.46081770743
5.92,42.0111098804076,3119.92440978677
5.96,42.3060488727423,3137.51563133737
6,42.6017240026033,3155.17309152859
6.04,42.8981209243556,3172.71634801029
6.08,43.1951067836792,3190.14638987882
6.12,43.492633480396,3207.54376112485
6.16,43.7906018521021,3225.00056426934
6.2,44.0889273291153,3242.84780071679
6.24,44.3878013799707,3260.8320753353
6.28,44.6872974309449,3278.87817023285
6.32,44.9874532153575,3296.97202726121
6.36,45.2882990061708,3315.11243492819
6.4,45.5898635474364,3333.30089679264
6.44,45.892175315292,3351.53948959043
6.48,46.1952627927049,3369.83040708966
6.52,46.4991496759972,3388.18389955767
6.56,46.8036961945183,3406.87345608778
6.6,47.1090338826524,3425.72287044315
6.64,47.4152406761637,3444.65260756999
6.68,47.7223557108493,3463.64895886591
6.72,48.0304106492209,3482.71104520465
6.76,48.3394357889104,3501.84050169779
6.8,48.6494612657499,3521.03945791889
6.84,48.9605172968663,3540.31014020826
6.88,49.2726342346488,3559.65479325075
6.92,49.5858425832003,3579.07566490981
6.96,49.9001730072907,3598.57500367247
7,50.2155322087526,3617.76111331752
7.04,50.5313257214065,3636.07455943398
7.08,50.8468668979506,3653.90448021666
7.12,51.1619753165303,3671.59680881138
7.16,51.4766280306096,3689.22168366331
7.2,51.7908332144788,3706.79453819967
7.24,52.1046051888562,3724.31980379323
7.28,52.4179594232093,3741.79966004421
7.32,52.7308890537699,3759.27234868816
7.36,53.0428313765608,3777.6360846107
7.4,53.3541009595341,3796.31520059345
7.44,53.6648869246641,3815.01698635149
7.48,53.9752382081072,3833.68824424794
7.52,54.2851774132233,3852.32057447819
7.56,54.5947222482899,3870.91372546988
7.6,54.9038894469749,3889.46889640548
7.64,55.2126954770104,3907.98753115419
7.68,55.5211566689749,3926.47110359334
7.72,55.8292892414865,3944.92107995581
7.76,56.1371093080219,3963.33891250597
7.8,56.4446328804708,3981.72603871585
7.84,56.7518758720851,4000.0836992373
7.88,57.0588217585138,4018.32929988048
7.92,57.3653849071333,4036.47978504079
7.96,57.6715437660328,4054.56899537975
8,57.9772930311039,4072.60284100991
8.04,58.2825744660288,4090.43395518952
8.08,58.5872266646459,4108.12001926381
8.12,58.8912264035141,4125.73832418028
8.16,59.1945863777527,4143.30390659632
8.2,59.4973254199805,4160.82091270179
8.24,59.7994633098151,4178.29155687142
8.28,60.1010198663412,4195.71769476931
8.32,60.4020147915084,4213.10110153186
8.36,60.7024676458997,4230.44352159642
8.4,61.0023978479276,4247.74667800891
8.44,61.3018246771595,4265.01227448738
8.48,61.6007672783293,4282.24199617542
8.52,61.8992446654212,4299.43751015072
8.56,62.1972757257134,4316.60046588186
8.6,62.4948792237652,4333.73249566852
8.64,62.7920738053434,4350.83521507197
8.68,63.0888780012902,4367.91022333694
8.72,63.3853102313333,4384.95910380569
8.76,63.6813890063221,4401.96863519332
8.8,63.9769785957248,4418.57458568505
8.84,64.2717679629445,4434.90028885757
8.88,64.5656660665803,4451.09546812801
8.92,64.8586496431834,4467.1892025197
8.96,65.1507087318084,4483.18708274033
9,65.4418361014934,4499.09008718527
9.04,65.7320251778114,4514.8982870596
9.08,66.0212696319193,4530.61158058851
9.12,66.3095632979177,4546.22983984363
9.16,66.59690015565,4561.75294032816
9.2,66.8832743266601,4577.18076693586
9.24,67.1686800728088,4592.51321510234
9.28,67.4531117954229,4607.75019096804
9.32,67.7365640345401,4622.89161133556
9.36,68.0190314681612,4637.9374035833
9.4,68.3005089114916,4652.88750556926
9.44,68.5809913161659,4667.74186553223
9.48,68.860473769459,4682.50044199175
9.52,69.1389514934799,4697.16320364742
9.56,69.4164198443515,4711.73012927748
9.6,69.6928743113756,4726.20120763673
9.64,69.9683105161827,4740.57643735388
9.68,70.2427242118683,4754.85582682832
9.72,70.5161112821156,4769.03939412634
9.76,70.788467740304,4783.12716687674
9.8,71.4366370717863,3964.21342958738
9.84,71.777194381908,3694.35787575485
9.88,72.0250977499844,3637.40853640118
9.92,72.2516193834275,3632.11364920299
9.96,72.4734657792865,3638.13557581418
10,72.6942104587199,3646.47129995267
10.04,72.9146140422074,3655.21819811195
10.08,73.1348156279991,3664.02849416707
10.12,73.3548408547363,3672.83820299266
10.16,73.5746944789239,3681.63557555064
10.2,73.7943774123734,3690.41848074616
10.24,74.0138898567399,3699.18656369845
10.28,74.2332318819349,3707.93979856371
10.32,74.4524035332457,3716.67822050248
10.36,74.6714048512521,3725.40187585264
10.4,74.8902358755463,3734.11081283266
10.44,75.1088966454336,3742.80507980167
10.48,75.3273872000687,3751.48472493383
10.52,75.5457075784843,3760.14979615845
10.56,75.7638578196015,3768.80034115025
10.6,75.9818379622347,3777.43640732901
10.64,76.1996480450969,3786.05804186108
10.68,76.4172881068042,3794.66529166124
10.72,76.6347581858806,3803.25820339447
10.76,76.8520583207621,3811.83682347792
10.8,77.0691885498019,3820.40119808265
10.84,77.2861489112743,3828.95137313552
10.88,77.5029394433793,3837.48739432101
10.92,77.7195601842472,3846.00930708296
10.96,77.9360111719427,3854.51715662639
11,78.1522924444694,3863.01098791925
11.04,78.3684040397738,3871.49084569416
11.08,78.5843459957501,3879.95677445015
11.12,78.8001183502435,3888.40881845437
11.16,79.0157211410552,3896.84702174377
11.2,79.2311544059462,3905.27142812681
11.24,79.4464181826413,3913.68208118511
11.28,79.661512508833,3922.07902427511
11.32,79.876437422186,3930.46230052971
11.36,80.0911929603407,3938.83195285987
11.4,80.3056758778724,3947.42543083266
11.44,80.5198099465189,3956.38282961522
11.48,80.7337357546934,3965.35656078326
11.52,80.9474633697486,3974.32209544347
11.56,81.1609947855546,3983.27478858716
11.6,81.3743304552461,3992.21379046799
11.64,81.5874702254063,4001.14621818814
11.68,81.800486802337,4010.24984474684
11.72,82.013521169986,4019.42166151617
11.76,82.2266012732838,4028.61040109689
11.8,82.4397373315314,4037.80722415516
11.84,82.652936406779,4047.01084915662
11.88,82.8662050032041,4056.22133420456
11.92,83.0795495289087,4065.43897374341
11.96,83.2929763780255,4074.66410340541
12,83.5064919455877,4083.89706559637
12.04,83.7201026305237,4093.13820345925
12.08,83.9338148365572,4102.38785983597
12.12,84.1476349727379,4111.64637710778
12.16,84.3615694539071,4120.91409718951
12.2,84.5756247011496,4130.19136155064
12.24,84.7898071422439,4139.478511241
12.28,85.0041232121097,4148.77588691716
12.32,85.2185793532547,4158.08382886869
12.36,85.433182016221,4167.40267704451
12.4,85.6479376600297,4176.73277107894
12.44,85.8628527526247,4186.07445031772
12.48,86.0779337713165,4195.42805384385
12.52,86.2931872032236,4204.79392050336
12.56,86.5086195457151,4214.17238893088
12.6,86.7242373068508,4223.56379757523
12.64,86.9400470058216,4232.96848472474
12.68,87.1560551733892,4242.38678853258
12.72,87.372268352325,4251.81904704194
12.76,87.5886930978485,4261.26559821114
12.8,87.8053359780655,4270.72677993856
12.84,88.022203574405,4280.20293008761
12.88,88.2393024820573,4289.6943865115
12.92,88.4566393104097,4299.20148707796
12.96,88.674220683484,4308.72456969388
13,88.8920532403718,4318.2639723299
13.04,89.1101436356711,4327.82003304486
13.08,89.3284985399219,4337.39309001021
13.12,89.5471246400418,4346.98348153438
13.16,89.7660286397616,4356.59154608702
13.2,89.9852172600612,4366.21762232324
13.24,90.2046972396044,4375.86204910775
13.28,90.4244753351752,4385.52516553893
13.32,90.6445583221131,4395.20731097291
13.36,90.86491597031,4404.67104329096
13.4,91.0850764113325,4413.39979550263
13.44,91.3046974772545,4421.97346408518
13.48,91.5237404980904,4430.48947247916
13.52,91.7421970429619,4438.96528634136
13.56,91.9600641356284,4447.40402042217
13.6,92.1773398079702,4455.80622021799
13.64,92.3940223032687,4464.1719744173
13.68,92.6101099338725,4472.50129217471
13.72,92.8256010557405,4480.79417020754
13.76,93.0404940637714,4489.0506046726
13.8,93.2547873908151,4497.27059325038
13.84,93.4684795073327,4505.45413549875
13.88,93.6815689211688,4513.6012329019
13.92,93.8940541773427,4521.71188886565
13.96,94.1059338578407,4529.78610870336
14,94.3172065814085,4537.82389962011
14.04,94.5278710033405,4545.82527069663
14.08,94.7379258152691,4553.79023287304
14.12,94.9473697449513,4561.71879893259
14.16,95.1562015560546,4569.61098348535
14.2,95.3644200479409,4577.46680295186
14.24,95.5720240554493,4585.28627554673
14.28,95.7790124486772,4593.06942126222
14.32,95.9853841327607,4600.81626185178
14.36,96.1911380476527,4608.52682081355
14.4,96.396273167901,4616.20112337386
14.44,96.6007885024237,4623.83919647065
14.48,96.8046830942848,4631.44106873694
14.52,97.0079560204677,4639.00677048421
14.56,97.2106063916482,4646.5363336858
14.6,97.4126333519658,4654.02979196027
14.64,97.6140360787946,4661.48718055474
14.68,97.8148137825131,4668.90853632827
14.72,98.0149657062721,4676.29389773511
14.76,98.2144911257635,4683.64330480811
14.8,98.4133893489864,4690.95679914193
14.84,98.6116597160132,4698.23442387642
14.88,98.809301598755,4705.47622367987
14.92,99.0063144007261,4712.6822447323
14.96,99.2026975568072,4719.85253470878
15,99.398450533009,4726.98714276272
15.04,99.5935728262339,4734.08611950914
15.08,99.7880639640382,4741.14951700799
15.12,99.9819235043927,4748.17738874748
15.16,100.175151035443,4755.16978962734
15.2,100.367746175272,4762.12677594224
15.24,100.559708571653,4769.04840536504
15.28,101.002710159082,3993.03667604151
15.32,101.243088640882,3689.95564074053
15.36,101.410853182937,3588.27781207436
15.4,101.556830071174,3559.55737534437
15.44,101.696450262716,3552.94063812663
15.48,101.834070197663,3553.27683191888
15.52,101.971060130557,3555.82092183878
15.56,102.107853412606,3559.07165719184
15.6,102.244588533066,3562.54880910993
15.64,102.381309839827,3566.09815212487
15.68,102.518031471916,3569.67007511983
15.72,102.654757855486,3573.24860415957
15.76,102.791474557208,3576.87921123915
15.8,102.928135218915,3580.70276416741
15.84,103.06477802874,3584.5854881056
15.88,103.201416645271,3588.48025700346
15.92,103.338053895802,3592.37682330371
15.96,103.47469025373,3596.2729549005
16,103.611325680574,3600.16665639104
16.04,103.747944368639,3603.97229966834
16.08,103.884504510435,3607.7154551032
16.12,104.020992841166,3611.44317371808
16.16,104.157406590304,3615.16520088619
16.2,104.29374515938,3618.88356050562
16.24,104.430008400259,3622.59867606339
16.28,104.566196258431,3626.31063889105
16.32,104.702308699019,3630.01947128755
16.36,104.838345691408,3633.72518117965
16.4,104.974307206046,3637.42777349165
16.44,105.110193213778,3641.1272525134
16.48,105.246003685712,3644.82362239422
16.52,105.381738593184,3648.51688724602
16.56,105.517397907753,3652.20705116495
16.6,105.652981601206,3655.89411823594
16.64,105.78848964555,3659.57809253372
16.68,105.923922013013,3663.25897812306
16.72,106.059278676051,3666.93677905888
16.76,106.194559607338,3670.61149938627
16.8,106.329764779774,3674.28314314059
16.84,106.464894166482,3677.95171434752
16.88,106.599947740805,3681.61721702307
16.92,106.734925476311,3685.27965517368
16.96,106.869827346792,3688.93903279623
17,107.004653326261,3692.59535387811
17.04,107.139403388954,3696.2486223973
17.08,107.27407750933,3699.89884232234
17.12,107.408675662071,3703.54601761247
17.16,107.543197822082,3707.19015221763
17.2,107.67764396449,3710.83125007849
17.24,107.812014064645,3714.46931512655
17.28,107.94630809812,3718.10435128417
17.32,108.08052604071,3721.7363624646
17.36,108.214667868433,3725.36535257203
17.4,108.348733557529,3728.99132550167
17.44,108.482718928909,3732.63599392642
17.48,108.616616143055,3736.36948696383
17.52,108.750445956734,3740.12413305579
17.56,108.884213580184,3743.88044522931
17.6,109.017919912451,3747.63488544936
17.64,109.151565069822,3751.38681226352
17.68,109.28514902653,3755.13611067656
17.72,109.418671731172,3758.882761461
17.76,109.552133127887,3762.62676282511
17.8,109.685533160207,3766.36811615314
17.84,109.818871771761,3770.10682340706
17.88,109.952148906402,3773.84288665272
17.92,110.085364508231,3777.57630797337
17.96,110.218518521599,3781.30708945383
18,110.351610891114,3785.03523317765
18.04,110.484641561632,3788.76074122658
18.08,110.617610478265,3792.48361568048
18.12,110.750517586377,3796.20385861733
18.16,110.883362831583,3799.92147211325
18.2,111.016146159753,3803.63645824248
18.24,111.148867517007,3807.34881907743
18.28,111.281526849718,3811.05855668865
18.32,111.414124104514,3814.76567314489
18.36,111.54665922827,3818.47017051311
18.4,111.679132168119,3822.17205085844
18.44,111.811542871441,3825.87131624426
18.48,111.94389128587,3829.56796873216
18.52,112.076177359294,3833.262010382
18.56,112.208401039848,3836.95344325189
18.6,112.340562275924,3840.64226939822
18.64,112.472661016161,3844.32849087565
18.68,112.604697209452,3848.01210973715
18.72,112.736670804941,3851.693128034
18.76,112.868581752023,3855.3715478158
18.8,113.000430000345,3859.0473711305
18.84,113.132215499803,3862.72060002439
18.88,113.263938200546,3866.39123654212
18.92,113.395598052974,3870.05928272671
18.96,113.527195007736,3873.72474061958
19,113.658729015733,3877.38761226053
19.04,113.790200028116,3881.04789968778
19.08,113.921607996287,3884.70560493798
19.12,114.052952871898,3888.36073004619
19.16,114.18423460685,3892.01327704595
19.2,114.315453153296,3895.66324796922
19.24,114.446608463638,3899.31064484644
19.28,114.577700490527,3902.95546970656
19.32,114.708729186866,3906.59772457697
19.36,114.839694505805,3910.23741148361
19.4,114.970596400745,3913.8745324509
19.44,115.101434825336,3917.50908950181
19.48,115.232209194879,3921.14299987084
19.52,115.362902555261,3924.83361426382
19.56,115.493523689411,3928.54553937569
19.6,115.624077922757,3932.25900966444
19.64,115.754566149575,3935.97058183642
19.68,115.884988492094,3939.67965727685
19.72,116.015344938188,3943.38613318835
19.76,116.145635452519,3947.08999322089
19.8,116.275859995903,3950.79123610231
19.84,116.4060185287,3954.48986319105
19.88,116.536111011392,3958.18587630447
19.92,116.666137404695,3961.87927733982
19.96,116.796097669569,3965.57006820802
20,116.92599176723,3969.2582508221
20.04,117.05581965914,3972.94382709523
20.08,117.185581307014,3976.62679894032
20.12,117.315276672818,3980.30716827
20.16,117.444905718769,3983.98493699657
20.2,117.574468407333,3987.66010703207
20.24,117.703964701227,3991.33268028822
20.28,117.833394563418,3995.00265867645
20.32,117.962757957122,3998.67004410793
20.36,118.092070010615,4002.47766462889
20.4,118.221491244748,4006.6305808788
20.44,118.351123397106,4010.87147137733
20.48,118.480988120425,4015.13904683409
20.52,118.611091685891,4019.42097276411
20.56,118.741437259183,4023.71481810581
20.6,118.872027385385,4028.02015436629
20.64,119.002864491748,4032.33695801812
20.68,119.133950989418,4036.66528756673
20.72,119.265289294059,4041.00521829616
20.76,119.39688183008,4045.35682908891
20.8,119.528731031541,4049.72019976614
20.84,119.6608393424,4054.09541055258
20.88,119.793209216615,4058.48254197033
20.92,119.925843118225,4062.88167481929
20.96,120.058743521426,4067.29289017504
21,120.191912910637,4071.71626939031
21.04,120.325353780583,4076.15189409707
21.08,120.45906863636,4080.59984620889
21.12,120.593059993516,4085.06020792321
21.16,120.727330378117,4089.53306172379
21.2,120.86188232683,4094.01849038298
21.24,120.996718386989,4098.51657696418
21.28,121.131841116678,4103.0274048242
21.32,121.267253084801,4107.55105761567
21.36,121.402956871157,4112.08761928946
21.4,121.538955066522,4116.6371740971
21.44,121.675250272717,4121.19980659324
21.48,121.811845102691,4125.77560163807
21.52,121.948742180592,4130.36464439983
21.56,122.085944141852,4134.96702035725
21.6,122.223453633255,4139.58281530205
21.64,122.361273313022,4144.21211534146
21.68,122.499405850884,4148.85500690071
21.72,122.637853928166,4153.51157672555
21.76,122.77662023786,4158.18191188485
21.8,122.915707484707,4162.86609977307
21.84,123.055118385276,4167.5642281129
21.88,123.194855668043,4172.27638495778
21.92,123.334922073471,4177.00265869453
21.96,123.475320354093,4181.74313804595
22,123.616053274589,4186.49791207343
22.04,123.757123611868,4191.26707017958
22.08,123.898534155151,4196.05070211089
22.12,124.040287706052,4200.84889796039
22.16,124.182387078659,4205.6617481703
22.2,124.324835099619,4210.48934353474
22.24,124.467634608218,4215.33177520243
22.28,124.610788456464,4220.18913467941
22.32,124.754299509176,4225.06151383173
22.36,124.898170644059,4229.94900488825
22.4,125.042404751797,4234.85170044337
22.44,125.187004736132,4239.76969345979
22.48,125.331973513951,4244.70307727134
22.52,125.477314015372,4249.65194558572
22.56,125.623029183829,4254.61639248737
22.6,125.769121976157,4259.59651244028
22.64,125.915595362682,4264.59240029082
22.68,126.062452327303,4269.60415127064
22.72,126.209695867585,4274.63186099951
22.76,126.357328994843,4279.67562548823
22.8,126.50535473423,4284.7355411415
22.84,126.653776124828,4289.81170476092
22.88,126.802596219734,4294.90421354782
22.92,126.951818086152,4300.01316510631
22.96,127.101444805481,4305.13865744618
23,127.251479473407,4310.28078898592
23.04,127.401925199991,4315.43965855568
23.08,127.552785109763,4320.61536540034
23.12,127.70406234181,4325.80800918247
23.16,127.85576004987,4331.01768998544
23.2,128.007881402425,4336.24450831643
23.24,128.160429582791,4341.48856510954
23.28,128.313407789215,4346.74996172886
23.32,128.466819234965,4352.02879997159
23.36,128.620667148424,4357.32518207118
23.4,128.774954773189,4362.63921070042
23.44,128.929685368158,4367.97098897465
23.48,129.084862207635,4373.3206204549
23.52,129.240488581417,4378.68820915111
23.56,129.396567794895,4384.07385952528
23.6,129.55310316915,4389.47767649476
23.64,129.71009804105,4394.89976543544
23.68,129.867555763346,4400.31047103741
23.72,130.025249125938,4404.68510903106
23.76,130.182634036122,4408.71024341909
23.8,130.339649128828,4412.64772177151
23.84,130.496281034115,4416.55527976064
23.88,130.652526951176,4420.44564599652
23.92,130.808386410863,4424.32163249892
23.96,130.963859460343,4428.18387537252
24,131.118946264473,4432.03253567383
24.04,131.273647018662,4435.86767133775
24.08,131.427961929875,4439.68931809992
24.12,131.581891212493,4443.49750701502
24.16,131.735435087378,4447.29226822936
24.2,131.888593781632,4451.07363178809
24.24,132.041367528509,4454.8416278059
24.28,132.193756567354,4458.59628650157
24.32,132.345761143555,4462.33763820378
24.36,132.497381508486,4466.06571335064
24.4,132.648617919466,4469.78054248806
24.44,132.7994706397,4473.48215626783
24.48,132.949939938239,4477.1705854456
24.52,133.100026089923,4480.84586087895
24.56,133.249729375336,4484.50801352542
24.6,133.399050080755,4488.15707444052
24.64,133.547988498104,4491.79307477584
24.68,133.696544924902,4495.4160457771
24.72,133.844719664216,4499.02601878222
24.76,133.992513024614,4502.62302521944
24.8,134.139925320113,4506.20709660541
24.84,134.286956870135,4509.77826454332
24.88,134.433607999457,4513.33656072105
24.92,134.579879038163,4516.88201690925
24.96,134.725770321599,4520.41466495958
25,134.871282190322,4523.93453680283
25.04,135.016414990054,4527.44166444711
25.08,135.161169071638,4530.93607997603
25.12,135.305544790984,4534.41781554695
25.16,135.449542509032,4537.88690338914
25.2,135.593162591696,4541.34337580205
25.24,135.736405409823,4544.78726515356
25.28,135.879271339147,4548.21860387817
25.32,136.02176076024,4551.63742447535
25.36,136.163874058467,4555.04375950777
25.4,136.305611623941,4558.43764159959
25.44,136.44697385148,4561.81910343478
25.48,136.587961140555,4565.18817775545
25.52,136.728573895251,4568.54489736013
25.56,136.86881252422,4571.88929510214
25.6,137.008677440635,4575.22140388797
25.64,137.148169062147,4578.54125667557
25.68,137.28728781084,4581.84888647281
25.72,137.426034113184,4585.14432633581
25.76,137.564408399998,4588.42760936735
25.8,137.702411106398,4591.69876871531
25.84,137.840042671759,4594.95783757108
25.88,137.977303539668,4598.20484916797
25.92,138.114194157882,4601.43983677971
25.96,138.250714978285,4604.66283371888
26,138.386866456847,4607.87387333537
26.04,138.522647307183,4611.08063570587
26.08,138.657949299924,4614.5932442211
26.12,138.792833668343,4618.10159756217
26.16,138.927301995169,4621.60185609758
26.2,139.061355494488,4625.09172484362
26.24,139.194995157022,4628.56985125442
26.28,139.32822183992,4632.0354535303
26.32,139.461036321999,4635.48809201127
26.36,139.593439337404,4638.92752975201
26.4,139.725431595887,4642.35364843022
26.44,139.857013794855,4645.76639826201
26.48,139.988186626423,4649.165768564
26.52,140.118950781484,4652.55177068277
26.56,140.249306952008,4655.92442822876
26.6,140.379255832321,4659.28377156338
26.64,140.508798119793,4662.62983472804
26.68,140.637934515188,4665.96265375535
26.72,140.766665722842,4669.28226575212
26.76,140.894992450722,4672.58870840739
26.8,141.022915410443,4675.8820197314
26.84,141.150435317249,4679.16223791849
26.88,141.27755288998,4682.42940127548
26.92,141.404268851032,4685.6835481844
26.96,141.530583926311,4688.92471708289
27,141.656498845188,4692.15294645355
27.04,141.782014340447,4695.36827481788
27.08,141.907131148245,4698.57074073252
27.12,142.031850008057,4701.76038278653
27.16,142.15617166263,4704.93723959925
27.2,142.280096857939,4708.10134981846
27.24,142.403626343134,4711.25275211857
27.28,142.526760870499,4714.39148519901
27.32,142.649501195401,4717.51758778257
27.36,142.771848076244,4720.63109861374
27.4,142.893802274424,4723.73205645719
27.44,143.015364554283,4726.82050009611
27.48,143.136535683062,4729.89646833068
27.52,143.257316430857,4732.95999997644
27.56,143.377707570573,4736.01113386285
27.6,143.497709877878,4739.04990883164
27.64,143.617324131161,4742.07636373533
27.68,143.736551111485,4745.09053743571
27.72,143.855391602544,4748.09246880232
27.76,143.97384639062,4751.08219671099
27.8,144.091916264537,4754.0597600423
27.84,144.209602015619,4757.02519768019
27.88,144.326904437648,4759.97854851043
27.92,144.443824326819,4762.9198514192
27.96,144.5603624817,4765.8491452917
28,144.676519703187,4768.76646901066
28.04,144.792296794463,4771.67186145497
28.08,144.907694560958,4774.56536149832
28.12,145.022713810303,4777.44700800774
28.16,145.137355352295,4780.31683984229
28.2,145.25161999885,4783.1748958517
28.24,145.365508563966,4786.02121487497
28.28,145.479021863683,4788.85583573912
28.32,145.592160716039,4791.67879725783
28.36,145.704925941032,4794.49013823009
28.4,145.817318360585,4797.289897439
28.44,145.929338798496,4800.07811365042
28.48,146.040988080411,4802.85482561171
28.52,146.152267033776,4805.62007205049
28.56,146.263176487803,4808.37389167339
28.6,146.373717273429,4811.11632316481
28.64,146.483890223281,4813.84740518571
28.68,146.593696171636,4816.5671763724
28.72,146.703135954383,4819.27567533534
28.76,146.812210408988,4821.97294065798
28.8,146.920920374454,4824.65901089554
28.84,147.029266691287,4827.33392457392
28.88,147.137250201458,4829.99772018849
28.92,147.244871748366,4832.650436203
28.96,147.352132176805,4835.29211104843
29,147.459032332924,4837.92278312192
29.04,147.565573064196,4840.54249078561
29.08,147.671755219378,4843.15127236563
29.12,147.77757964848,4845.74916615096
29.16,147.88304720273,4848.3362103924
29.2,147.988158734537,4850.91244330154
29.24,148.092915097457,4853.47790304967
29.28,148.197317146162,4856.0326277668
29.32,148.301365736405,4858.57665554062
29.36,148.405061724984,4861.11002441553
29.4,148.508405969713,4863.63277239159
29.44,148.611399329385,4866.14493742361
29.48,148.714042663743,4868.64655742014
29.52,148.816336833445,4871.13767024251
29.56,148.918282700033,4873.61831370391
29.6,149.019881125901,4876.08852556846
29.64,149.121132974261,4878.54834355024
29.68,149.222039109117,4880.99780531245
29.72,149.322600395229,4883.43694846645
29.76,149.422817698081,4885.8658105709
29.8,149.522691883857,4888.28442913088
29.84,149.622223819404,4890.69284159704
29.88,149.721414372204,4893.0910853647
29.92,149.820264410345,4895.47919777306
29.96,149.918774802491,4897.85721610433
30,150.016946417851,4900.22517758291
