0,1000
0.29286,1352.6
0.75342,1618.5
1.3531,1803.8
2.0502,1926
2.8133,2003.3
3.6151,2049.7
4.4317,2076.3
5.2438,2092
6.0435,2101.3
6.8216,2109.7
7.5769,2118.4
8.3093,2127.5
9.015,2137.7
9.6962,2148.4
10.354,2159.9
10.986,2173.6
11.598,2188.3
12.189,2203.4
12.762,2219.7
13.314,2237.7
13.851,2256.1
14.373,2274.5
14.88,2292.5
15.373,2311.1
15.853,2330.3
16.32,2349.4
16.776,2368.1
17.221,2386.2
17.656,2403.8
18.081,2421.1
18.493,2439.8
18.893,2460
19.283,2481
19.664,2503.5
20.037,2526.5
20.405,2550.7
20.767,2576.7
21.126,2602.9
21.482,2629.9
21.978,2461.6
22.393,2375.7
22.765,2333.5
23.112,2314
23.445,2306.4
23.769,2305.3
24.086,2307.6
24.399,2311.7
24.707,2316.8
25.012,2322.8
25.312,2329.5
25.61,2336.6
25.904,2343.7
26.196,2350.9
26.484,2358.1
26.77,2365.2
27.053,2372.1
27.334,2379
27.612,2385.8
27.887,2392.6
28.16,2399.2
28.43,2405.6
28.697,2412
28.962,2418.2
29.225,2424.3
29.485,2430.3
29.743,2436.2
29.998,2442.4
30.251,2448.8
30.501,2456
30.747,2463.7
30.992,2471.5
31.233,2479.4
31.473,2487.1
31.711,2494.9
31.946,2502.9
32.18,2510.9
32.412,2519.3
32.641,2528
32.869,2536.8
33.095,2545.5
33.32,2554
33.544,2562.4
33.766,2571
33.987,2580.5
34.207,2590.4
34.427,2600.3
34.645,2610.2
34.863,2619.9
35.08,2629.6
35.297,2639.1
35.513,2648.6
35.728,2658.4
35.941,2669
36.154,2679.8
36.365,2690.5
36.576,2701.2
36.786,2711.8
36.995,2722.5
37.203,2733.5
37.411,2744.5
37.617,2755.5
37.823,2766.4
38.028,2777.2
38.339,2579.9
38.59,2480.5
38.811,2430.7
39.008,2306.8
39.126,1996
39.161,1825.6
39.167,1728.6
39.164,1655.4
39.157,1594.5
39.148,1541.9
39.136,1495.5
39.124,1453.9
39.111,1416.2
39.098,1381.6
39.083,1349.7
39.069,1320.2
39.054,1292.7
39.039,1267.1
39.024,1243.2
39.009,1220.7
38.993,1199.7
38.978,1180.5
38.962,1163.5
38.946,1148.4
38.931,1135
38.915,1123.2
38.899,1112.6
38.883,1103.2
38.867,1094.9
38.851,1087.4
38.835,1080.8
38.819,1074.9
38.803,1069.7
38.787,1065
38.771,1060.9
38.755,1057.1
38.739,1053.8
38.723,1050.9
38.707,1048.3
38.691,1045.9
38.675,1043.9
38.659,1042
38.643,1040.3
38.627,1038.9
38.611,1037.5
38.595,1036.4
38.58,1035.3
38.564,1034.4
38.548,1033.5
38.532,1032.8
38.516,1032.1
38.5,1031.5
38.484,1031
38.468,1030.5
38.452,1030.1
38.436,1029.7
38.42,1029.3
38.404,1029
38.388,1028.8
38.372,1028.5
38.356,1028.3
38.34,1028.1
38.324,1027.9
38.309,1027.8
38.293,1027.6
38.277,1027.5
38.261,1027.4
38.245,1027.3
38.229,1027.2
38.213,1027.1
38.197,1027
38.182,1026.9
38.166,1026.8
38.15,1026.8
38.134,1026.7
38.118,1026.7
38.102,1026.6
38.087,1026.6
38.071,1026.5
38.055,1026.5
38.039,1026.5
38.024,1026.4
38.008,1026.4
37.992,1026.4
37.976,1026.4
37.96,1026.3
37.945,1026.3
37.929,1026.3
37.913,1026.3
37.898,1026.2
37.882,1026.2
37.866,1026.2
37.85,1026.2
37.835,1026.1
37.819,1026.1
37.803,1026.1
37.788,1026.1
37.772,1026.1
37.756,1026.1
37.741,1026
37.725,1026
37.709,1026
37.694,1026
37.678,1026
37.662,1026
37.647,1025.9
37.631,1025.9
37.615,1025.9
37.6,1025.9
37.584,1025.9
37.569,1025.6
37.553,1017.8
37.537,1005.7
37.522,994.65
37.506,984.67
37.49,975.63
37.475,967.44
37.459,960.01
37.443,953.27
37.428,947.16
37.412,941.62
37.396,936.59
37.38,932.03
37.365,927.89
37.349,924.13
37.333,920.72
37.317,917.62
37.302,914.81
37.286,912.26
37.27,909.95
37.254,907.85
37.239,905.94
37.223,904.2
37.207,902.63
37.192,901.2
37.176,899.9
37.16,898.72
37.144,897.65
37.129,896.67
37.113,895.79
37.097,894.98
37.082,894.25
37.066,893.59
37.05,892.98
37.035,892.44
37.019,891.94
37.003,891.48
36.988,891.07
36.972,890.7
36.956,890.35
36.941,890.04
36.925,889.76
36.909,889.5
36.894,889.27
36.878,889.05
36.863,888.86
36.847,888.68
36.831,888.52
36.816,888.37
36.8,888.23
36.785,888.11
36.769,888
36.753,887.89
36.738,887.8
36.722,887.71
36.707,887.63
36.691,887.56
36.676,887.49
36.66,887.43
36.645,887.38
36.629,887.32
36.614,887.28
36.598,887.23
36.582,887.19
36.567,887.15
36.551,887.12
36.536,887.08
36.52,887.05
36.505,887.02
36.49,887
36.474,886.97
36.459,886.95
36.443,886.92
36.428,886.9
36.412,886.88
36.397,886.86
36.381,886.85
36.366,886.83
36.35,886.81
36.335,886.8
36.32,886.78
36.304,886.77
36.289,886.75
36.273,886.74
36.258,886.73
36.243,886.71
36.227,886.7
36.212,886.69
36.196,886.68
36.181,886.67
36.166,886.66
36.15,886.64
36.135,886.63
36.12,886.62
36.104,886.61
36.089,886.6
36.074,886.59
36.058,886.58
36.043,886.57
36.028,886.56
36.012,886.55
35.997,886.54
35.982,886.53
35.967,886.52
35.951,886.51
35.936,886.5
35.921,886.49
35.905,886.48
35.89,1133.4
35.882,1665.1
35.95,2043.3
36.103,2278.4
36.208,2668.2
36.459,2821.1
36.766,2895.1
37.098,2936.3
37.44,2962.6
37.785,2981.8
38.13,2998
38.474,3012.8
38.817,3026.9
39.157,3041.4
39.496,3056.2
39.832,3070.9
40.167,3085.4
40.5,3099.7
40.833,3114
41.164,3129.3
41.494,3145.5
41.824,3162.1
42.154,3178.6
42.483,3195
42.812,3211.3
43.141,3227.5
43.47,3243.6
43.798,3260.1
44.125,3277.7
44.451,3295.7
44.777,3313.7
45.103,3331.7
45.428,3349.6
45.753,3367.7
46.078,3386.2
46.402,3404.8
46.726,3423.4
47.05,3441.8
47.374,3460.3
47.697,3478.7
48.021,3497.1
48.344,3515.9
48.666,3534.7
48.989,3553.4
49.311,3572.1
49.634,3590.8
49.956,3609.2
50.277,3627.2
50.598,3644.9
50.918,3662.4
51.237,3679.9
51.555,3697.3
51.872,3714.6
52.188,3731.7
52.504,3748.8
52.818,3765.8
53.131,3783.7
53.443,3802
53.754,3820.3
54.064,3838.5
54.373,3856.5
54.681,3874.5
54.988,3892.5
55.294,3910.3
55.599,3928
55.903,3945.6
56.206,3963.2
56.508,3980.6
56.81,3998
57.11,4015.2
57.41,4032.4
57.708,4049.4
58.006,4066.4
58.302,4083.2
58.598,4100
58.893,4116.7
59.187,4133.3
59.479,4149.8
59.771,4166.2
60.062,4182.5
60.352,4198.8
60.641,4215
60.929,4231
61.217,4247
61.503,4263
61.788,4278.8
62.073,4294.5
62.357,4310.2
62.639,4325.8
62.921,4341.3
63.202,4356.7
63.482,4372.1
63.761,4387.3
64.039,4402.5
64.317,4417.4
64.593,4432.1
64.868,4446.7
65.142,4461.2
65.415,4475.6
65.686,4489.9
65.957,4504.1
66.226,4518.3
66.494,4532.3
67.102,3807
67.441,3537.4
67.689,3455.6
67.904,3408.4
68.018,3130.5
68.041,2908.6
68.155,2364.2
68.17,2129.5
68.157,1998.6
68.136,1898.4
68.112,1813.6
68.085,1738.3
68.058,1669.6
68.029,1605.8
68,1546.3
67.97,1490.7
67.94,1438.4
67.91,1389.1
67.88,1342.5
67.849,1298.2
67.819,1256.1
67.788,1216.1
67.757,1178.1
67.726,1143.2
67.696,1111.2
67.665,1081.7
67.634,1054.7
67.603,1029.9
67.572,1007.1
67.541,986.07
67.511,966.77
67.48,949
67.449,932.65
67.418,917.61
67.387,903.76
67.356,891.01
67.326,879.28
67.295,868.47
67.264,858.52
67.233,849.35
67.203,840.92
67.172,833.14
67.141,825.98
67.111,819.39
67.08,813.32
67.049,807.72
67.019,802.57
66.988,797.82
66.958,793.45
66.927,789.42
66.897,785.71
66.866,782.29
66.836,779.14
66.805,776.23
66.775,773.56
66.744,771.1
66.714,768.83
66.683,766.73
66.653,764.81
66.622,763.03
66.592,761.39
66.562,759.89
66.531,758.5
66.501,757.22
66.471,756.04
66.441,754.95
66.41,753.95
66.38,753.02
66.35,752.17
66.32,751.39
66.29,750.67
66.259,750
66.229,749.39
66.199,748.82
66.169,748.3
66.139,747.82
66.109,747.38
66.079,746.97
66.049,746.59
66.019,746.24
65.989,745.92
65.959,745.63
65.929,745.36
65.899,745.11
65.869,744.88
65.839,744.66
65.809,744.47
65.78,744.29
65.75,744.12
65.72,743.96
65.69,743.82
65.66,743.69
65.631,743.57
65.601,743.46
65.571,743.36
65.541,743.26
65.512,743.17
65.482,743.09
65.452,743.02
65.423,742.95
65.393,742.88
65.364,742.83
65.334,742.77
65.305,742.72
65.275,742.67
65.245,742.63
65.216,742.59
65.186,742.55
65.157,742.52
65.128,742.49
65.098,742.46
65.069,755.12
65.039,784.28
65.01,810.9
64.981,834.73
64.951,856.05
64.922,875.13
64.893,892.19
64.864,907.45
64.834,921.1
64.805,933.3
64.776,944.21
64.747,953.96
64.718,962.67
64.689,970.46
64.66,977.41
64.631,983.63
64.602,989.18
64.573,994.14
64.544,998.57
64.515,1002.5
64.486,1006.1
64.457,1009.2
64.428,1012
64.399,1014.5
64.371,1016.8
64.342,1018.8
64.313,1020.6
64.284,1022.2
64.255,1023.6
64.227,1024.9
64.198,1026
64.169,1027
64.141,1027.9
64.112,1028.7
64.083,1029.4
64.055,1030.1
64.026,1030.6
63.998,1031.1
63.969,1031.6
63.941,1032
63.912,1032.3
63.883,1032.7
63.855,1032.9
63.827,1033.2
63.798,1033.4
63.77,1033.6
63.741,1033.8
63.713,1033.9
63.684,1034.1
63.656,1034.2
63.628,1034.3
63.599,1034.4
63.571,1034.5
63.543,1034.6
63.515,1034.6
63.486,1034.7
63.458,1034.7
63.43,1034.8
63.402,1034.8
63.373,1034.9
63.345,1034.9
63.317,1034.9
63.289,1034.9
63.261,1034.9
63.233,1035
63.205,1035
63.177,1035
63.148,1035
63.12,1035
63.092,1035
63.064,1035
63.036,1035
63.008,1035
62.981,1035
62.953,1035
62.925,1035
62.897,1035
62.869,1035
62.841,1035
62.813,1035
62.785,1035
62.758,1034.9
62.73,1034.9
62.702,1034.9
62.674,1034.9
62.646,1034.9
62.619,1034.9
62.591,1034.9
62.563,1034.9
62.536,1034.9
62.508,1034.9
62.48,1034.9
62.453,1034.9
62.425,1034.8
62.397,1034.8
62.37,1034.8
62.342,1034.8
62.315,1034.8
62.287,1034.8
62.26,1034.8
62.232,1034.8
62.205,1034.8
62.177,1034.7
62.15,1034.7
62.122,1034.7
62.095,1034.7
62.068,1034.7
62.04,1117.9
62.014,1564.3
62,2026.8
62.044,2271.3
62.127,2391.2
62.231,2457.8
62.345,2494.6
62.465,2514.9
62.587,2526.3
62.712,2533
62.837,2537.2
62.962,2540.1
63.087,2542.2
63.212,2544
63.336,2545.7
63.46,2547.2
63.584,2548.6
63.708,2550
63.831,2551.4
63.954,2552.8
64.076,2554.2
64.199,2555.5
64.321,2556.9
64.442,2558.2
64.563,2559.6
64.684,2560.9
64.805,2562.3
64.925,2563.6
65.045,2564.9
65.165,2566.3
65.284,2567.6
65.403,2568.9
65.521,2570.2
65.64,2571.5
65.758,2572.8
65.875,2574.1
65.993,2575.4
66.11,2576.7
66.226,2577.9
66.343,2579.2
66.459,2580.5
66.575,2581.7
66.69,2583
66.805,2584.3
66.92,2585.5
67.034,2586.8
67.149,2588
67.263,2589.2
67.376,2590.5
67.489,2591.7
67.602,2592.9
67.715,2594.2
67.827,2595.4
67.939,2596.7
68.051,2598.1
68.162,2599.5
68.274,2600.9
68.384,2602.3
68.495,2603.7
68.605,2605.1
68.715,2606.5
68.825,2607.9
68.934,2609.3
69.043,2610.7
69.152,2612.2
69.26,2613.8
69.368,2615.5
69.476,2617.2
69.583,2618.9
69.69,2620.6
69.797,2622.3
69.904,2624
70.01,2625.7
70.116,2627.4
70.222,2629.1
70.327,2630.8
70.432,2632.5
70.537,2634.1
70.641,2635.8
70.746,2637.4
70.85,2639
70.953,2640.6
71.057,2642.2
71.16,2643.8
71.263,2645.3
71.365,2646.9
71.468,2648.5
71.57,2650
71.672,2651.6
71.773,2653.1
71.874,2654.7
71.975,2656.2
72.076,2657.8
72.176,2659.4
72.276,2661
72.376,2662.7
72.476,2664.3
72.576,2666
72.675,2667.6
72.774,2669.2
72.873,2670.9
72.971,2672.5
73.069,2674.1
73.168,2675.7
73.265,2677.3
73.363,2678.9
73.46,2680.5
73.558,2682.1
